{
  "id": "2205393",
  "name": "sixmusic",
  "font_family": "iconfont",
  "css_prefix_text": "icon-",
  "description": "",
  "glyphs": [
    {
      "icon_id": "15552263",
      "name": "暂停 停止",
      "font_class": "zantingtingzhi",
      "unicode": "e680",
      "unicode_decimal": 59008
    },
    {
      "icon_id": "5185162",
      "name": "播放",
      "font_class": "bofang1",
      "unicode": "e600",
      "unicode_decimal": 58880
    },
    {
      "icon_id": "14153374",
      "name": "添加",
      "font_class": "-tainjia",
      "unicode": "e601",
      "unicode_decimal": 58881
    },
    {
      "icon_id": "16233357",
      "name": "清空",
      "font_class": "qingkong",
      "unicode": "e6c1",
      "unicode_decimal": 59073
    },
    {
      "icon_id": "17445739",
      "name": "分 享",
      "font_class": "fenxiang",
      "unicode": "e602",
      "unicode_decimal": 58882
    },
    {
      "icon_id": "6614272",
      "name": "删除_A",
      "font_class": "shanchu_A",
      "unicode": "e6fa",
      "unicode_decimal": 59130
    },
    {
      "icon_id": "6437599",
      "name": "添加到",
      "font_class": "tianjiadao",
      "unicode": "e604",
      "unicode_decimal": 58884
    },
    {
      "icon_id": "33758",
      "name": "播放",
      "font_class": "bofang",
      "unicode": "e6ac",
      "unicode_decimal": 59052
    },
    {
      "icon_id": "254302",
      "name": "评论 ",
      "font_class": "pinglun",
      "unicode": "e77f",
      "unicode_decimal": 59263
    },
    {
      "icon_id": "1100615",
      "name": "随机播放",
      "font_class": "suijibofang",
      "unicode": "e61a",
      "unicode_decimal": 58906
    },
    {
      "icon_id": "2495283",
      "name": "喜欢",
      "font_class": "xihuan",
      "unicode": "e637",
      "unicode_decimal": 58935
    },
    {
      "icon_id": "3190853",
      "name": "列表循环",
      "font_class": "liebiaoxunhuan",
      "unicode": "e63e",
      "unicode_decimal": 58942
    },
    {
      "icon_id": "4995288",
      "name": "下载",
      "font_class": "xiazai",
      "unicode": "e62c",
      "unicode_decimal": 58924
    },
    {
      "icon_id": "5429111",
      "name": "列表循环",
      "font_class": "liebiaoxunhuan1",
      "unicode": "e69d",
      "unicode_decimal": 59037
    },
    {
      "icon_id": "8768869",
      "name": "单曲循环",
      "font_class": "danquxunhuan",
      "unicode": "e62e",
      "unicode_decimal": 58926
    },
    {
      "icon_id": "11168064",
      "name": "下一首",
      "font_class": "xiayishou",
      "unicode": "e618",
      "unicode_decimal": 58904
    },
    {
      "icon_id": "17532829",
      "name": "上一首",
      "font_class": "shangyishou",
      "unicode": "e61e",
      "unicode_decimal": 58910
    },
    {
      "icon_id": "17992989",
      "name": "声音",
      "font_class": "shengyinyinliangxianxing",
      "unicode": "e6c0",
      "unicode_decimal": 59072
    }
  ]
}
